Time;Fitness;Cache Size;N;population_dim;tournament_size;crossing_probability;mutation_probability;exchange_num;steps
10.899292707443237;4;300;12;100;3;0.85;0.05;2;300
10.491676330566406;2;300;12;100;3;0.85;0.05;2;300
10.5357027053833;8;300;12;100;3;0.85;0.05;2;300
10.436161756515503;4;300;12;100;3;0.85;0.05;2;300
10.688807249069214;5;300;12;100;3;0.85;0.05;2;300
10.770057439804077;4;300;12;100;3;0.85;0.05;2;300
10.617386817932129;4;300;12;100;3;0.85;0.05;2;300
10.596097469329834;3;300;12;100;3;0.85;0.05;2;300
10.475626707077026;5;300;12;100;3;0.85;0.05;2;300
10.457596778869629;8;300;12;100;3;0.85;0.05;2;300
10.927603721618652;7;300;12;100;3;0.85;0.05;2;300
10.746493577957153;4;300;12;100;3;0.85;0.05;2;300
11.24297022819519;5;300;12;100;3;0.85;0.05;2;300
8.674988746643066;0;245;12;100;3;0.85;0.05;2;300
10.81920599937439;4;300;12;100;3;0.85;0.05;2;300
10.637285232543945;5;300;12;100;3;0.85;0.05;2;300
10.698076725006104;3;300;12;100;3;0.85;0.05;2;300
10.808908700942993;5;300;12;100;3;0.85;0.05;2;300
10.804660320281982;3;300;12;100;3;0.85;0.05;2;300
10.740760326385498;4;300;12;100;3;0.85;0.05;2;300
10.773298501968384;6;300;12;100;3;0.85;0.05;2;300
0.3306150436401367;0;10;12;100;3;0.85;0.05;2;300
10.867881536483765;5;300;12;100;3;0.85;0.05;2;300
10.882698774337769;6;300;12;100;3;0.85;0.05;2;300
10.770185470581055;10;300;12;100;3;0.85;0.05;2;300
10.793437480926514;4;300;12;100;3;0.85;0.05;2;300
10.743373394012451;4;300;12;100;3;0.85;0.05;2;300
10.786357164382935;7;300;12;100;3;0.85;0.05;2;300
10.889129638671875;4;300;12;100;3;0.85;0.05;2;300
10.933455467224121;3;300;12;100;3;0.85;0.05;2;300
10.806904315948486;5;300;12;100;3;0.85;0.05;2;300
10.887501955032349;8;300;12;100;3;0.85;0.05;2;300
10.910306692123413;4;300;12;100;3;0.85;0.05;2;300
10.915332078933716;4;300;12;100;3;0.85;0.05;2;300
8.153505325317383;0;225;12;100;3;0.85;0.05;2;300
10.780983209609985;5;300;12;100;3;0.85;0.05;2;300
10.817521095275879;6;300;12;100;3;0.85;0.05;2;300
10.810030937194824;3;300;12;100;3;0.85;0.05;2;300
10.965522050857544;6;300;12;100;3;0.85;0.05;2;300
11.122201919555664;6;300;12;100;3;0.85;0.05;2;300
11.147648334503174;4;300;12;100;3;0.85;0.05;2;300
10.950016021728516;6;300;12;100;3;0.85;0.05;2;300
10.970616340637207;4;300;12;100;3;0.85;0.05;2;300
11.249149084091187;5;300;12;100;3;0.85;0.05;2;300
10.886560678482056;7;300;12;100;3;0.85;0.05;2;300
11.451013565063477;2;300;12;100;3;0.85;0.05;2;300
11.079732418060303;2;300;12;100;3;0.85;0.05;2;300
10.875121116638184;5;300;12;100;3;0.85;0.05;2;300
10.837055206298828;6;300;12;100;3;0.85;0.05;2;300
11.0458505153656;5;300;12;100;3;0.85;0.05;2;300
11.118800640106201;4;300;12;100;3;0.85;0.05;2;300
11.803898811340332;6;300;12;100;3;0.85;0.05;2;300
10.865336894989014;7;300;12;100;3;0.85;0.05;2;300
10.554725646972656;9;300;12;100;3;0.85;0.05;2;300
11.023790121078491;1;300;12;100;3;0.85;0.05;2;300
10.726369380950928;2;300;12;100;3;0.85;0.05;2;300
10.667963027954102;10;300;12;100;3;0.85;0.05;2;300
10.995120525360107;3;300;12;100;3;0.85;0.05;2;300
10.820622444152832;8;300;12;100;3;0.85;0.05;2;300
10.787206649780273;7;300;12;100;3;0.85;0.05;2;300
10.751078367233276;5;300;12;100;3;0.85;0.05;2;300
3.9042537212371826;0;108;12;100;3;0.85;0.05;2;300
10.630096435546875;4;300;12;100;3;0.85;0.05;2;300
10.56688904762268;5;300;12;100;3;0.85;0.05;2;300
10.803982734680176;4;300;12;100;3;0.85;0.05;2;300
10.716317892074585;6;300;12;100;3;0.85;0.05;2;300
10.698097705841064;4;300;12;100;3;0.85;0.05;2;300
10.707130908966064;3;300;12;100;3;0.85;0.05;2;300
10.716255903244019;6;300;12;100;3;0.85;0.05;2;300
10.89868450164795;5;300;12;100;3;0.85;0.05;2;300
6.847879409790039;0;187;12;100;3;0.85;0.05;2;300
10.930506706237793;3;300;12;100;3;0.85;0.05;2;300
10.450270891189575;4;300;12;100;3;0.85;0.05;2;300
10.922138690948486;4;300;12;100;3;0.85;0.05;2;300
10.86866021156311;4;300;12;100;3;0.85;0.05;2;300
10.554693937301636;4;300;12;100;3;0.85;0.05;2;300
10.432374477386475;6;300;12;100;3;0.85;0.05;2;300
10.662678956985474;5;300;12;100;3;0.85;0.05;2;300
10.55846905708313;6;300;12;100;3;0.85;0.05;2;300
10.474384069442749;5;300;12;100;3;0.85;0.05;2;300
10.68278455734253;2;300;12;100;3;0.85;0.05;2;300
10.836395263671875;8;300;12;100;3;0.85;0.05;2;300
10.501022815704346;3;300;12;100;3;0.85;0.05;2;300
10.398865461349487;3;300;12;100;3;0.85;0.05;2;300
10.445379972457886;7;300;12;100;3;0.85;0.05;2;300
10.375205993652344;5;300;12;100;3;0.85;0.05;2;300
10.364472389221191;4;300;12;100;3;0.85;0.05;2;300
10.297561168670654;5;300;12;100;3;0.85;0.05;2;300
10.362645626068115;2;300;12;100;3;0.85;0.05;2;300
10.260343790054321;3;300;12;100;3;0.85;0.05;2;300
10.4850013256073;5;300;12;100;3;0.85;0.05;2;300
10.280876636505127;6;300;12;100;3;0.85;0.05;2;300
10.18424129486084;4;300;12;100;3;0.85;0.05;2;300
10.210912942886353;5;300;12;100;3;0.85;0.05;2;300
10.314802885055542;4;300;12;100;3;0.85;0.05;2;300
10.35033106803894;4;300;12;100;3;0.85;0.05;2;300
10.498465061187744;3;300;12;100;3;0.85;0.05;2;300
10.167378664016724;7;300;12;100;3;0.85;0.05;2;300
10.488041162490845;4;300;12;100;3;0.85;0.05;2;300
10.283198595046997;6;300;12;100;3;0.85;0.05;2;300
15.359325408935547;6;300;12;150;3;0.85;0.05;2;300
15.51080870628357;5;300;12;150;3;0.85;0.05;2;300
15.33482050895691;3;300;12;150;3;0.85;0.05;2;300
15.430990219116211;5;300;12;150;3;0.85;0.05;2;300
15.328229188919067;4;300;12;150;3;0.85;0.05;2;300
15.449755430221558;2;300;12;150;3;0.85;0.05;2;300
15.55722451210022;5;300;12;150;3;0.85;0.05;2;300
15.839598655700684;5;300;12;150;3;0.85;0.05;2;300
15.926066875457764;7;300;12;150;3;0.85;0.05;2;300
15.824995040893555;4;300;12;150;3;0.85;0.05;2;300
16.520190238952637;3;300;12;150;3;0.85;0.05;2;300
7.281679630279541;0;140;12;150;3;0.85;0.05;2;300
15.730843782424927;5;300;12;150;3;0.85;0.05;2;300
15.721298217773438;7;300;12;150;3;0.85;0.05;2;300
15.788615465164185;5;300;12;150;3;0.85;0.05;2;300
15.801313161849976;6;300;12;150;3;0.85;0.05;2;300
15.659626245498657;6;300;12;150;3;0.85;0.05;2;300
15.653454780578613;5;300;12;150;3;0.85;0.05;2;300
15.882362127304077;3;300;12;150;3;0.85;0.05;2;300
15.834901332855225;4;300;12;150;3;0.85;0.05;2;300
15.624459743499756;5;300;12;150;3;0.85;0.05;2;300
5.940971612930298;0;114;12;150;3;0.85;0.05;2;300
15.820170879364014;3;300;12;150;3;0.85;0.05;2;300
15.666284084320068;6;300;12;150;3;0.85;0.05;2;300
15.624879837036133;3;300;12;150;3;0.85;0.05;2;300
15.684439897537231;4;300;12;150;3;0.85;0.05;2;300
15.850135087966919;5;300;12;150;3;0.85;0.05;2;300
16.754961490631104;6;300;12;150;3;0.85;0.05;2;300
16.163182735443115;5;300;12;150;3;0.85;0.05;2;300
16.816816568374634;7;300;12;150;3;0.85;0.05;2;300
17.029361486434937;3;300;12;150;3;0.85;0.05;2;300
16.222360134124756;4;300;12;150;3;0.85;0.05;2;300
16.378234386444092;3;300;12;150;3;0.85;0.05;2;300
16.12671971321106;4;300;12;150;3;0.85;0.05;2;300
0.11445808410644531;0;3;12;150;3;0.85;0.05;2;300
16.24709677696228;4;300;12;150;3;0.85;0.05;2;300
15.968407392501831;2;300;12;150;3;0.85;0.05;2;300
15.898838758468628;4;300;12;150;3;0.85;0.05;2;300
15.953261613845825;6;300;12;150;3;0.85;0.05;2;300
15.979956150054932;6;300;12;150;3;0.85;0.05;2;300
15.933760166168213;3;300;12;150;3;0.85;0.05;2;300
16.37615966796875;4;300;12;150;3;0.85;0.05;2;300
16.139044523239136;2;300;12;150;3;0.85;0.05;2;300
15.936230421066284;6;300;12;150;3;0.85;0.05;2;300
16.03997278213501;5;300;12;150;3;0.85;0.05;2;300
16.513802766799927;5;300;12;150;3;0.85;0.05;2;300
16.289563417434692;7;300;12;150;3;0.85;0.05;2;300
15.767145156860352;7;300;12;150;3;0.85;0.05;2;300
15.49999189376831;5;300;12;150;3;0.85;0.05;2;300
15.40758204460144;5;300;12;150;3;0.85;0.05;2;300
15.719582557678223;6;300;12;150;3;0.85;0.05;2;300
15.36989688873291;4;300;12;150;3;0.85;0.05;2;300
15.111632108688354;3;300;12;150;3;0.85;0.05;2;300
15.334468603134155;3;300;12;150;3;0.85;0.05;2;300
15.360731840133667;4;300;12;150;3;0.85;0.05;2;300
15.246115446090698;4;300;12;150;3;0.85;0.05;2;300
15.48754072189331;3;300;12;150;3;0.85;0.05;2;300
15.117950439453125;4;300;12;150;3;0.85;0.05;2;300
15.297839641571045;7;300;12;150;3;0.85;0.05;2;300
15.432394981384277;4;300;12;150;3;0.85;0.05;2;300
16.367860555648804;2;300;12;150;3;0.85;0.05;2;300
16.11624264717102;2;300;12;150;3;0.85;0.05;2;300
15.80544662475586;4;300;12;150;3;0.85;0.05;2;300
15.54403567314148;2;300;12;150;3;0.85;0.05;2;300
15.568234920501709;5;300;12;150;3;0.85;0.05;2;300
15.557493925094604;4;300;12;150;3;0.85;0.05;2;300
15.559853553771973;6;300;12;150;3;0.85;0.05;2;300
15.342397451400757;7;300;12;150;3;0.85;0.05;2;300
15.325303554534912;4;300;12;150;3;0.85;0.05;2;300
15.573331356048584;6;300;12;150;3;0.85;0.05;2;300
16.463233470916748;3;300;12;150;3;0.85;0.05;2;300
15.888274192810059;5;300;12;150;3;0.85;0.05;2;300
16.32892918586731;5;300;12;150;3;0.85;0.05;2;300
15.771432399749756;4;300;12;150;3;0.85;0.05;2;300
15.673366069793701;4;300;12;150;3;0.85;0.05;2;300
15.748690366744995;4;300;12;150;3;0.85;0.05;2;300
16.087438106536865;5;300;12;150;3;0.85;0.05;2;300
15.712151288986206;6;300;12;150;3;0.85;0.05;2;300
15.58778977394104;6;300;12;150;3;0.85;0.05;2;300
16.05198645591736;5;300;12;150;3;0.85;0.05;2;300
16.26323676109314;6;300;12;150;3;0.85;0.05;2;300
15.908496618270874;5;300;12;150;3;0.85;0.05;2;300
15.913579940795898;4;300;12;150;3;0.85;0.05;2;300
15.881477117538452;4;300;12;150;3;0.85;0.05;2;300
16.052035093307495;5;300;12;150;3;0.85;0.05;2;300
16.028557062149048;6;300;12;150;3;0.85;0.05;2;300
15.577435731887817;4;300;12;150;3;0.85;0.05;2;300
15.245590209960938;3;300;12;150;3;0.85;0.05;2;300
15.393632173538208;3;300;12;150;3;0.85;0.05;2;300
15.650115013122559;5;300;12;150;3;0.85;0.05;2;300
15.632865190505981;6;300;12;150;3;0.85;0.05;2;300
15.362030267715454;4;300;12;150;3;0.85;0.05;2;300
15.511075258255005;7;300;12;150;3;0.85;0.05;2;300
15.540082216262817;2;300;12;150;3;0.85;0.05;2;300
15.262415885925293;6;300;12;150;3;0.85;0.05;2;300
15.363596200942993;5;300;12;150;3;0.85;0.05;2;300
15.446342945098877;5;300;12;150;3;0.85;0.05;2;300
15.5676908493042;7;300;12;150;3;0.85;0.05;2;300
7.149208307266235;0;139;12;150;3;0.85;0.05;2;300
15.659757614135742;4;300;12;150;3;0.85;0.05;2;300
20.509767770767212;6;300;12;200;3;0.85;0.05;2;300
20.23564863204956;7;300;12;200;3;0.85;0.05;2;300
20.60644817352295;5;300;12;200;3;0.85;0.05;2;300
20.665297269821167;5;300;12;200;3;0.85;0.05;2;300
20.675769567489624;6;300;12;200;3;0.85;0.05;2;300
20.170878410339355;3;300;12;200;3;0.85;0.05;2;300
16.097481727600098;0;236;12;200;3;0.85;0.05;2;300
21.37001872062683;4;300;12;200;3;0.85;0.05;2;300
21.059545516967773;5;300;12;200;3;0.85;0.05;2;300
21.16944146156311;5;300;12;200;3;0.85;0.05;2;300
0.1535778045654297;0;3;12;200;3;0.85;0.05;2;300
21.15762209892273;3;300;12;200;3;0.85;0.05;2;300
21.13527250289917;6;300;12;200;3;0.85;0.05;2;300
21.31628704071045;2;300;12;200;3;0.85;0.05;2;300
21.364113330841064;4;300;12;200;3;0.85;0.05;2;300
21.884228706359863;3;300;12;200;3;0.85;0.05;2;300
21.299217462539673;5;300;12;200;3;0.85;0.05;2;300
21.43195128440857;3;300;12;200;3;0.85;0.05;2;300
20.86076021194458;4;300;12;200;3;0.85;0.05;2;300
13.382900714874268;0;188;12;200;3;0.85;0.05;2;300
21.671950340270996;4;300;12;200;3;0.85;0.05;2;300
20.967545747756958;3;300;12;200;3;0.85;0.05;2;300
0.28670787811279297;0;5;12;200;3;0.85;0.05;2;300
21.19430708885193;5;300;12;200;3;0.85;0.05;2;300
21.047290086746216;2;300;12;200;3;0.85;0.05;2;300
21.11602544784546;4;300;12;200;3;0.85;0.05;2;300
20.86801505088806;6;300;12;200;3;0.85;0.05;2;300
9.6927330493927;0;139;12;200;3;0.85;0.05;2;300
16.72935700416565;0;240;12;200;3;0.85;0.05;2;300
21.318124055862427;5;300;12;200;3;0.85;0.05;2;300
21.429266929626465;5;300;12;200;3;0.85;0.05;2;300
20.9662606716156;4;300;12;200;3;0.85;0.05;2;300
0.6704134941101074;0;10;12;200;3;0.85;0.05;2;300
20.90082097053528;5;300;12;200;3;0.85;0.05;2;300
20.86818814277649;2;300;12;200;3;0.85;0.05;2;300
21.05061912536621;3;300;12;200;3;0.85;0.05;2;300
21.157434940338135;3;300;12;200;3;0.85;0.05;2;300
15.600500583648682;0;216;12;200;3;0.85;0.05;2;300
21.279942274093628;6;300;12;200;3;0.85;0.05;2;300
21.519561052322388;5;300;12;200;3;0.85;0.05;2;300
21.616448640823364;4;300;12;200;3;0.85;0.05;2;300
20.804067134857178;5;300;12;200;3;0.85;0.05;2;300
20.880329847335815;6;300;12;200;3;0.85;0.05;2;300
20.935060501098633;4;300;12;200;3;0.85;0.05;2;300
3.8072500228881836;0;56;12;200;3;0.85;0.05;2;300
7.250449895858765;0;106;12;200;3;0.85;0.05;2;300
20.949486017227173;5;300;12;200;3;0.85;0.05;2;300
21.11354970932007;5;300;12;200;3;0.85;0.05;2;300
21.634212255477905;5;300;12;200;3;0.85;0.05;2;300
21.40816068649292;4;300;12;200;3;0.85;0.05;2;300
21.332552433013916;1;300;12;200;3;0.85;0.05;2;300
21.133426904678345;6;300;12;200;3;0.85;0.05;2;300
20.940067768096924;6;300;12;200;3;0.85;0.05;2;300
21.182563304901123;4;300;12;200;3;0.85;0.05;2;300
20.967331171035767;3;300;12;200;3;0.85;0.05;2;300
20.582486867904663;4;300;12;200;3;0.85;0.05;2;300
20.79260540008545;3;300;12;200;3;0.85;0.05;2;300
21.030054092407227;8;300;12;200;3;0.85;0.05;2;300
20.790212869644165;4;300;12;200;3;0.85;0.05;2;300
20.603742599487305;4;300;12;200;3;0.85;0.05;2;300
20.840145587921143;4;300;12;200;3;0.85;0.05;2;300
1.991748571395874;0;30;12;200;3;0.85;0.05;2;300
20.900554418563843;4;300;12;200;3;0.85;0.05;2;300
21.188103437423706;4;300;12;200;3;0.85;0.05;2;300
21.044440031051636;3;300;12;200;3;0.85;0.05;2;300
20.921199321746826;4;300;12;200;3;0.85;0.05;2;300
3.130436658859253;0;43;12;200;3;0.85;0.05;2;300
20.982738733291626;4;300;12;200;3;0.85;0.05;2;300
20.92539143562317;7;300;12;200;3;0.85;0.05;2;300
20.779341220855713;4;300;12;200;3;0.85;0.05;2;300
20.75602149963379;5;300;12;200;3;0.85;0.05;2;300
21.083870887756348;5;300;12;200;3;0.85;0.05;2;300
20.835880994796753;6;300;12;200;3;0.85;0.05;2;300
21.009989023208618;4;300;12;200;3;0.85;0.05;2;300
20.973403692245483;4;300;12;200;3;0.85;0.05;2;300
20.825448513031006;3;300;12;200;3;0.85;0.05;2;300
21.147053718566895;4;300;12;200;3;0.85;0.05;2;300
21.436924934387207;3;300;12;200;3;0.85;0.05;2;300
21.700984001159668;4;300;12;200;3;0.85;0.05;2;300
21.385209321975708;5;300;12;200;3;0.85;0.05;2;300
21.283735036849976;3;300;12;200;3;0.85;0.05;2;300
21.858967304229736;4;300;12;200;3;0.85;0.05;2;300
21.11373019218445;4;300;12;200;3;0.85;0.05;2;300
20.993084192276;4;300;12;200;3;0.85;0.05;2;300
21.28641676902771;7;300;12;200;3;0.85;0.05;2;300
21.091707944869995;2;300;12;200;3;0.85;0.05;2;300
21.2045841217041;3;300;12;200;3;0.85;0.05;2;300
21.299789667129517;4;300;12;200;3;0.85;0.05;2;300
21.207748889923096;3;300;12;200;3;0.85;0.05;2;300
21.305689811706543;3;300;12;200;3;0.85;0.05;2;300
21.015272855758667;6;300;12;200;3;0.85;0.05;2;300
21.055115222930908;5;300;12;200;3;0.85;0.05;2;300
21.036498546600342;4;300;12;200;3;0.85;0.05;2;300
21.367618083953857;3;300;12;200;3;0.85;0.05;2;300
21.956501245498657;4;300;12;200;3;0.85;0.05;2;300
21.84261918067932;5;300;12;200;3;0.85;0.05;2;300
21.664341688156128;3;300;12;200;3;0.85;0.05;2;300
21.6072518825531;5;300;12;200;3;0.85;0.05;2;300
21.48757529258728;4;300;12;200;3;0.85;0.05;2;300
21.511757612228394;5;300;12;200;3;0.85;0.05;2;300
26.849982976913452;6;300;12;250;3;0.85;0.05;2;300
27.014319896697998;4;300;12;250;3;0.85;0.05;2;300
26.95885682106018;4;300;12;250;3;0.85;0.05;2;300
26.99468970298767;5;300;12;250;3;0.85;0.05;2;300
27.21781635284424;3;300;12;250;3;0.85;0.05;2;300
27.122265338897705;5;300;12;250;3;0.85;0.05;2;300
10.176417350769043;0;105;12;250;3;0.85;0.05;2;300
27.88748550415039;5;300;12;250;3;0.85;0.05;2;300
27.07715153694153;2;300;12;250;3;0.85;0.05;2;300
26.947837114334106;4;300;12;250;3;0.85;0.05;2;300
27.07990550994873;4;300;12;250;3;0.85;0.05;2;300
27.368977546691895;3;300;12;250;3;0.85;0.05;2;300
27.24284315109253;5;300;12;250;3;0.85;0.05;2;300
26.98763656616211;5;300;12;250;3;0.85;0.05;2;300
27.118592977523804;3;300;12;250;3;0.85;0.05;2;300
27.34789776802063;3;300;12;250;3;0.85;0.05;2;300
27.726251363754272;3;300;12;250;3;0.85;0.05;2;300
27.769254684448242;5;300;12;250;3;0.85;0.05;2;300
27.17516303062439;3;300;12;250;3;0.85;0.05;2;300
27.30953860282898;5;300;12;250;3;0.85;0.05;2;300
27.537026166915894;5;300;12;250;3;0.85;0.05;2;300
27.258796453475952;3;300;12;250;3;0.85;0.05;2;300
27.57281732559204;3;300;12;250;3;0.85;0.05;2;300
27.712821006774902;4;300;12;250;3;0.85;0.05;2;300
30.020875453948975;4;300;12;250;3;0.85;0.05;2;300
15.671298742294312;0;158;12;250;3;0.85;0.05;2;300
26.232266426086426;5;300;12;250;3;0.85;0.05;2;300
27.233866453170776;4;300;12;250;3;0.85;0.05;2;300
27.331014156341553;5;300;12;250;3;0.85;0.05;2;300
26.951321601867676;5;300;12;250;3;0.85;0.05;2;300
26.715349912643433;5;300;12;250;3;0.85;0.05;2;300
26.656246185302734;4;300;12;250;3;0.85;0.05;2;300
26.875877857208252;4;300;12;250;3;0.85;0.05;2;300
26.746041297912598;7;300;12;250;3;0.85;0.05;2;300
26.71220111846924;3;300;12;250;3;0.85;0.05;2;300
26.59211492538452;4;300;12;250;3;0.85;0.05;2;300
26.493690252304077;4;300;12;250;3;0.85;0.05;2;300
26.40921688079834;6;300;12;250;3;0.85;0.05;2;300
26.814395666122437;3;300;12;250;3;0.85;0.05;2;300
27.337677478790283;5;300;12;250;3;0.85;0.05;2;300
26.719536304473877;6;300;12;250;3;0.85;0.05;2;300
26.764421701431274;3;300;12;250;3;0.85;0.05;2;300
27.32304573059082;4;300;12;250;3;0.85;0.05;2;300
26.641435861587524;3;300;12;250;3;0.85;0.05;2;300
12.145702123641968;0;138;12;250;3;0.85;0.05;2;300
26.451225757598877;3;300;12;250;3;0.85;0.05;2;300
26.446991205215454;5;300;12;250;3;0.85;0.05;2;300
26.735409259796143;7;300;12;250;3;0.85;0.05;2;300
1.834834337234497;0;21;12;250;3;0.85;0.05;2;300
31.555994510650635;3;300;12;250;3;0.85;0.05;2;300
29.085885047912598;6;300;12;250;3;0.85;0.05;2;300
27.200355768203735;3;300;12;250;3;0.85;0.05;2;300
26.72094225883484;2;300;12;250;3;0.85;0.05;2;300
26.51350498199463;5;300;12;250;3;0.85;0.05;2;300
26.159807443618774;2;300;12;250;3;0.85;0.05;2;300
26.035412549972534;4;300;12;250;3;0.85;0.05;2;300
26.47184658050537;5;300;12;250;3;0.85;0.05;2;300
26.209476709365845;5;300;12;250;3;0.85;0.05;2;300
26.268329620361328;5;300;12;250;3;0.85;0.05;2;300
26.126489400863647;2;300;12;250;3;0.85;0.05;2;300
26.24454092979431;3;300;12;250;3;0.85;0.05;2;300
26.03565216064453;3;300;12;250;3;0.85;0.05;2;300
26.573774576187134;3;300;12;250;3;0.85;0.05;2;300
28.79199743270874;5;300;12;250;3;0.85;0.05;2;300
26.735013723373413;2;300;12;250;3;0.85;0.05;2;300
26.731693506240845;5;300;12;250;3;0.85;0.05;2;300
26.299901247024536;3;300;12;250;3;0.85;0.05;2;300
26.822967529296875;6;300;12;250;3;0.85;0.05;2;300
26.597841024398804;2;300;12;250;3;0.85;0.05;2;300
26.354572772979736;3;300;12;250;3;0.85;0.05;2;300
28.23842978477478;6;300;12;250;3;0.85;0.05;2;300
27.124706983566284;4;300;12;250;3;0.85;0.05;2;300
28.50322437286377;4;300;12;250;3;0.85;0.05;2;300
26.58000612258911;5;300;12;250;3;0.85;0.05;2;300
26.880826473236084;4;300;12;250;3;0.85;0.05;2;300
26.31336736679077;6;300;12;250;3;0.85;0.05;2;300
26.309064865112305;3;300;12;250;3;0.85;0.05;2;300
26.13208317756653;2;300;12;250;3;0.85;0.05;2;300
26.677520751953125;6;300;12;250;3;0.85;0.05;2;300
16.958826065063477;0;192;12;250;3;0.85;0.05;2;300
26.712824821472168;4;300;12;250;3;0.85;0.05;2;300
26.875400066375732;2;300;12;250;3;0.85;0.05;2;300
26.38089394569397;7;300;12;250;3;0.85;0.05;2;300
26.338883638381958;4;300;12;250;3;0.85;0.05;2;300
25.921918630599976;6;300;12;250;3;0.85;0.05;2;300
26.61948537826538;4;300;12;250;3;0.85;0.05;2;300
0.09603762626647949;0;2;12;250;3;0.85;0.05;2;300
27.241949319839478;5;300;12;250;3;0.85;0.05;2;300
26.262051820755005;3;300;12;250;3;0.85;0.05;2;300
26.3040988445282;6;300;12;250;3;0.85;0.05;2;300
26.329562425613403;7;300;12;250;3;0.85;0.05;2;300
26.42440176010132;4;300;12;250;3;0.85;0.05;2;300
26.312371969223022;4;300;12;250;3;0.85;0.05;2;300
26.505125045776367;5;300;12;250;3;0.85;0.05;2;300
26.205050706863403;3;300;12;250;3;0.85;0.05;2;300
26.09294581413269;2;300;12;250;3;0.85;0.05;2;300
26.161901712417603;4;300;12;250;3;0.85;0.05;2;300
26.21090865135193;3;300;12;250;3;0.85;0.05;2;300
12.143875122070312;0;141;12;250;3;0.85;0.05;2;300
26.48603844642639;4;300;12;250;3;0.85;0.05;2;300
31.688714265823364;4;300;12;300;3;0.85;0.05;2;300
34.43448543548584;4;300;12;300;3;0.85;0.05;2;300
7.609344244003296;0;65;12;300;3;0.85;0.05;2;300
32.78480577468872;5;300;12;300;3;0.85;0.05;2;300
34.860809087753296;3;300;12;300;3;0.85;0.05;2;300
16.664791345596313;0;150;12;300;3;0.85;0.05;2;300
19.619121313095093;0;185;12;300;3;0.85;0.05;2;300
33.45501232147217;5;300;12;300;3;0.85;0.05;2;300
32.233468532562256;4;300;12;300;3;0.85;0.05;2;300
32.43376088142395;4;300;12;300;3;0.85;0.05;2;300
33.52941012382507;5;300;12;300;3;0.85;0.05;2;300
33.29895830154419;5;300;12;300;3;0.85;0.05;2;300
32.952574729919434;5;300;12;300;3;0.85;0.05;2;300
31.635733604431152;3;300;12;300;3;0.85;0.05;2;300
32.05327582359314;3;300;12;300;3;0.85;0.05;2;300
13.824930906295776;0;130;12;300;3;0.85;0.05;2;300
32.432159423828125;5;300;12;300;3;0.85;0.05;2;300
32.15382194519043;6;300;12;300;3;0.85;0.05;2;300
0.0022857189178466797;0;1;12;300;3;0.85;0.05;2;300
31.67681622505188;5;300;12;300;3;0.85;0.05;2;300
33.54286432266235;4;300;12;300;3;0.85;0.05;2;300
31.7801296710968;5;300;12;300;3;0.85;0.05;2;300
31.49133610725403;3;300;12;300;3;0.85;0.05;2;300
4.207035779953003;0;42;12;300;3;0.85;0.05;2;300
30.963070154190063;3;300;12;300;3;0.85;0.05;2;300
31.261351346969604;4;300;12;300;3;0.85;0.05;2;300
9.987008094787598;0;94;12;300;3;0.85;0.05;2;300
32.26037573814392;2;300;12;300;3;0.85;0.05;2;300
31.918427228927612;5;300;12;300;3;0.85;0.05;2;300
31.53790545463562;5;300;12;300;3;0.85;0.05;2;300
31.441455602645874;4;300;12;300;3;0.85;0.05;2;300
31.859533548355103;5;300;12;300;3;0.85;0.05;2;300
31.667340993881226;2;300;12;300;3;0.85;0.05;2;300
31.74142026901245;4;300;12;300;3;0.85;0.05;2;300
31.32748293876648;5;300;12;300;3;0.85;0.05;2;300
31.59341812133789;3;300;12;300;3;0.85;0.05;2;300
31.557408094406128;5;300;12;300;3;0.85;0.05;2;300
31.491439819335938;2;300;12;300;3;0.85;0.05;2;300
31.265385389328003;5;300;12;300;3;0.85;0.05;2;300
31.63985276222229;5;300;12;300;3;0.85;0.05;2;300
33.123027086257935;5;300;12;300;3;0.85;0.05;2;300
3.631810188293457;0;35;12;300;3;0.85;0.05;2;300
31.99063777923584;6;300;12;300;3;0.85;0.05;2;300
31.646501541137695;2;300;12;300;3;0.85;0.05;2;300
32.13145661354065;3;300;12;300;3;0.85;0.05;2;300
31.338738203048706;5;300;12;300;3;0.85;0.05;2;300
32.39295983314514;3;300;12;300;3;0.85;0.05;2;300
31.444775342941284;3;300;12;300;3;0.85;0.05;2;300
31.08360481262207;3;300;12;300;3;0.85;0.05;2;300
31.398369789123535;6;300;12;300;3;0.85;0.05;2;300
32.03475594520569;4;300;12;300;3;0.85;0.05;2;300
4.495922088623047;0;44;12;300;3;0.85;0.05;2;300
33.80416917800903;3;300;12;300;3;0.85;0.05;2;300
33.685717821121216;3;300;12;300;3;0.85;0.05;2;300
32.08566951751709;4;300;12;300;3;0.85;0.05;2;300
31.553261041641235;3;300;12;300;3;0.85;0.05;2;300
30.81011176109314;4;300;12;300;3;0.85;0.05;2;300
15.397722959518433;0;144;12;300;3;0.85;0.05;2;300
31.855953693389893;4;300;12;300;3;0.85;0.05;2;300
31.683913230895996;4;300;12;300;3;0.85;0.05;2;300
31.862245798110962;4;300;12;300;3;0.85;0.05;2;300
31.636634349822998;3;300;12;300;3;0.85;0.05;2;300
31.84450626373291;4;300;12;300;3;0.85;0.05;2;300
32.315006256103516;3;300;12;300;3;0.85;0.05;2;300
31.565617561340332;3;300;12;300;3;0.85;0.05;2;300
31.86113715171814;10;300;12;300;3;0.85;0.05;2;300
32.172882318496704;3;300;12;300;3;0.85;0.05;2;300
32.046746492385864;3;300;12;300;3;0.85;0.05;2;300
32.51286458969116;6;300;12;300;3;0.85;0.05;2;300
31.931385040283203;4;300;12;300;3;0.85;0.05;2;300
32.29662895202637;3;300;12;300;3;0.85;0.05;2;300
32.63056445121765;5;300;12;300;3;0.85;0.05;2;300
31.723884105682373;3;300;12;300;3;0.85;0.05;2;300
31.31134295463562;4;300;12;300;3;0.85;0.05;2;300
31.61938166618347;3;300;12;300;3;0.85;0.05;2;300
32.51670861244202;3;300;12;300;3;0.85;0.05;2;300
32.5696337223053;3;300;12;300;3;0.85;0.05;2;300
33.36176943778992;3;300;12;300;3;0.85;0.05;2;300
13.738884449005127;0;124;12;300;3;0.85;0.05;2;300
34.77996873855591;2;300;12;300;3;0.85;0.05;2;300
33.38492393493652;7;300;12;300;3;0.85;0.05;2;300
33.453922271728516;5;300;12;300;3;0.85;0.05;2;300
33.701136350631714;5;300;12;300;3;0.85;0.05;2;300
31.670425415039062;5;300;12;300;3;0.85;0.05;2;300
14.301461935043335;0;131;12;300;3;0.85;0.05;2;300
0.007012367248535156;0;1;12;300;3;0.85;0.05;2;300
32.47509813308716;2;300;12;300;3;0.85;0.05;2;300
32.33009076118469;4;300;12;300;3;0.85;0.05;2;300
32.02246165275574;4;300;12;300;3;0.85;0.05;2;300
31.752878189086914;7;300;12;300;3;0.85;0.05;2;300
13.625606298446655;0;130;12;300;3;0.85;0.05;2;300
31.48708152770996;2;300;12;300;3;0.85;0.05;2;300
32.21106505393982;3;300;12;300;3;0.85;0.05;2;300
32.252442359924316;4;300;12;300;3;0.85;0.05;2;300
31.635901927947998;4;300;12;300;3;0.85;0.05;2;300
32.57383346557617;5;300;12;300;3;0.85;0.05;2;300
33.00705099105835;4;300;12;300;3;0.85;0.05;2;300
32.01008486747742;5;300;12;300;3;0.85;0.05;2;300
31.536219120025635;4;300;12;300;3;0.85;0.05;2;300
32.0761821269989;3;300;12;300;3;0.85;0.05;2;300
